clock_id,position,probe
GPAge10,1,cg16867657
GPAge10,2,cg06639320
GPAge10,3,cg04875128
GPAge10,4,cg19283806
GPAge10,5,cg07553761
GPAge10,6,cg08128734
GPAge10,7,cg12934382
GPAge10,8,cg00573770
GPAge10,9,cg23479922
GPAge10,10,cg10501210
GPAge30,1,cg16867657
GPAge30,2,cg22454769
GPAge30,3,cg06639320
GPAge30,4,cg04875128
GPAge30,5,cg19283806
GPAge30,6,cg24724428
GPAge30,7,cg07553761
GPAge30,8,cg24079702
GPAge30,9,cg08128734
GPAge30,10,cg12934382
GPAge30,11,cg08468401
GPAge30,12,cg20816447
GPAge30,13,cg00573770
GPAge30,14,cg06335143
GPAge30,15,cg06155229
GPAge30,16,cg03032497
GPAge30,17,cg06619077
GPAge30,18,cg17804348
GPAge30,19,cg00329615
GPAge30,20,cg23479922
GPAge30,21,cg10501210
GPAge30,22,cg19991948
GPAge30,23,cg27312979
GPAge30,24,cg23186333
GPAge30,25,cg25413977
GPAge30,26,cg22078805
GPAge30,27,cg17621438
GPAge30,28,cg21878650
GPAge30,29,cg04503319
GPAge30,30,cg09809672
GPAge71,1,cg16867657
GPAge71,2,cg22454769
GPAge71,3,cg06639320
GPAge71,4,cg04875128
GPAge71,5,cg19283806
GPAge71,6,cg24724428
GPAge71,7,cg07553761
GPAge71,8,cg24079702
GPAge71,9,cg14556683
GPAge71,10,cg07547549
GPAge71,11,cg08128734
GPAge71,12,cg23500537
GPAge71,13,cg12934382
GPAge71,14,cg08468401
GPAge71,15,cg05404236
GPAge71,16,cg20816447
GPAge71,17,cg17110586
GPAge71,18,cg24466241
GPAge71,19,cg18473521
GPAge71,20,cg00573770
GPAge71,21,cg06335143
GPAge71,22,cg06155229
GPAge71,23,cg03032497
GPAge71,24,cg12899747
GPAge71,25,cg06619077
GPAge71,26,cg17804348
GPAge71,27,cg00329615
GPAge71,28,cg23479922
GPAge71,29,cg09017434
GPAge71,30,cg10501210
GPAge71,31,cg19991948
GPAge71,32,cg03738025
GPAge71,33,cg27312979
GPAge71,34,cg14766700
GPAge71,35,cg23186333
GPAge71,36,cg21184711
GPAge71,37,cg22730004
GPAge71,38,cg19421125
GPAge71,39,cg15894389
GPAge71,40,cg10835286
GPAge71,41,cg25413977
GPAge71,42,cg11807280
GPAge71,43,cg22078805
GPAge71,44,cg02872426
GPAge71,45,cg00303541
GPAge71,46,cg04295144
GPAge71,47,cg19729744
GPAge71,48,cg24794228
GPAge71,49,cg17621438
GPAge71,50,cg05017994
GPAge71,51,cg21878650
GPAge71,52,cg15804973
GPAge71,53,cg07797372
GPAge71,54,cg27152890
GPAge71,55,cg17471939
GPAge71,56,cg18887458
GPAge71,57,cg15243034
GPAge71,58,cg04503319
GPAge71,59,cg03350900
GPAge71,60,cg09809672
GPAge71,61,cg14577707
GPAge71,62,cg24892069
GPAge71,63,cg00602811
GPAge71,64,cg05991454
GPAge71,65,cg23126342
GPAge71,66,cg09988805
GPAge71,67,cg19344626
GPAge71,68,cg20059012
GPAge71,69,cg21826784
GPAge71,70,cg07164639
GPAge71,71,cg11693709
