"resource_id","clock_ids","relative_path","file","bytes","md5","sha256","upstream_software","upstream_software_license","redistribution_status","source_snapshot","source_url","license_evidence","reviewed_on"
"AltumAge_R_native","AltumAge","complex/AltumAge_R_native.rds","AltumAge_R_native.rds",3104140,"68523f160a78a18ef28bf3887c8911c3","53335d1a9d0653db4cc0719b9956fb7a4870cf615b2d788f3e152048aeb7eaa7","BioLearn","New BSD","REDISTRIBUTABLE_WITH_NOTICE","BioLearn source-derived R-native asset 2026-08-16","https://github.com/bio-learn/biolearn","upstream package or repository license; attribution retained; not legal advice","2026-08-20"
"GP-age_model_10_cpgs.json","GPAge10","complex/GP-age_model_10_cpgs.json.zip","GP-age_model_10_cpgs.json.zip",266112,"02ba5fe72fab452f097efea66bb72d28","37650010ff41d4fcaa03ee2b7f5ef4517d2fb3fd063a417f5aeb0e4e6f03c5fd","BioLearn","New BSD","REDISTRIBUTABLE_WITH_NOTICE","BioLearn master snapshot 2026-08-17","https://github.com/bio-learn/biolearn","upstream package or repository license; attribution retained; not legal advice","2026-08-20"
"GP-age_model_30_cpgs.json","GPAge30","complex/GP-age_model_30_cpgs.json.zip","GP-age_model_30_cpgs.json.zip",687930,"8f8a47a3762eed35d9978034bb2835cd","c2684c2af73cbe69013625884f5cebd33973b422bec934bbcdde3e363f20e57a","BioLearn","New BSD","REDISTRIBUTABLE_WITH_NOTICE","BioLearn master snapshot 2026-08-17","https://github.com/bio-learn/biolearn","upstream package or repository license; attribution retained; not legal advice","2026-08-20"
"GP-age_model_71_cpgs.json","GPAge71","complex/GP-age_model_71_cpgs.json.zip","GP-age_model_71_cpgs.json.zip",1502758,"a78c2923576d86675f75185e9c206dc6","1709098a33c1412b8a4e1c74e92e8a8d4282a111aa2377ac12f238a42b58765d","BioLearn","New BSD","REDISTRIBUTABLE_WITH_NOTICE","BioLearn master snapshot 2026-08-17","https://github.com/bio-learn/biolearn","upstream package or repository license; attribution retained; not legal advice","2026-08-20"
"GPAge_sites","GPAge10|GPAge30|GPAge71","complex/GPAge_sites.csv","GPAge_sites.csv",2551,"b3ac630386d380043bcdef028c3421ac","1669acbeaa4885cf2f39c81abb853c0cce11afd8c2e4903a567e3fa83b0dee89","BioLearn","New BSD","REDISTRIBUTABLE_WITH_NOTICE","BioLearn master snapshot 2026-08-17","https://github.com/bio-learn/biolearn","upstream package or repository license; attribution retained; not legal advice","2026-08-20"
"Haftorn_stable_clock_5_cpg","Haftorn_stability5_2023","complex/Haftorn_stable_clock_5_cpg.RData","Haftorn_stable_clock_5_cpg.RData",676035,"a84dbbb44531e717e231747887dc2a5d","369ae96faf82597f7913b952d394bc9f22047018f4d5ef45b08f618a8076f25d","Haftorn author model repository","CC0-1.0","REDISTRIBUTABLE_WITH_NOTICE","Haftorn et al. Clinical Epigenetics 2023","https://doi.org/10.1186/s13148-023-01528-3","upstream package or repository license; attribution retained; not legal advice","2026-08-20"
"MiAge","MiAge","complex/MiAge.csv","MiAge.csv",17509,"391ff7260ffc00d4b8ae2411e5bbc34d","65ff9fb3696920382567b860b60076c288a3a423d7208b7253d91c69c5ba20c8","BioLearn","New BSD","REDISTRIBUTABLE_WITH_NOTICE","BioLearn source-derived R-native asset 2026-08-16","https://github.com/bio-learn/biolearn","upstream package or repository license; attribution retained; not legal advice","2026-08-20"
"mPOA_Models","DunedinPACE","complex/mPOA_Models.RData","mPOA_Models.RData",349365,"522deef78d4c1fa344de20175aea3c9a","a29a94190ceadb2407c78d248cacd37cdeb445e66cf2b81aa0d34a9a489f14db","ENmix","Artistic-2.0","REDISTRIBUTABLE_WITH_NOTICE","ENmix Bioconductor source snapshot 2026-08-16","https://bioconductor.org/packages/ENmix","upstream package or repository license; attribution retained; not legal advice","2026-08-20"
"mage_ref","GrimAgeV1|GrimAgeV2|EpiTOC1|EpiTOC2","complex/mage_ref.RData","mage_ref.RData",756536,"d798ce04cbd2f11aaa2f2c9b1e3caf7c","40e28b7a52fcc45c92808ec17fa0728d5bef0599786a6de16d43cabf69edb146","ENmix","Artistic-2.0","REDISTRIBUTABLE_WITH_NOTICE","ENmix Bioconductor source snapshot 2026-08-16","https://bioconductor.org/packages/ENmix","upstream package or repository license; attribution retained; not legal advice","2026-08-20"
"pcclock_model1","PCHorvath1|PCHorvath2|PCHannum|PCPhenoAge|PCDNAmTL|PCGrimAge","complex/pcclock_model1.RData","pcclock_model1.RData",4367129,"41dec8fb130620a9ccd3d0fbac202433","ba83b4f63ea509cfe4c448f50d169f365a57ddc4228669621855e9ddbc77fd83","ENmix","Artistic-2.0","REDISTRIBUTABLE_WITH_NOTICE","ENmix Bioconductor source snapshot 2026-08-16","https://bioconductor.org/packages/ENmix","upstream package or repository license; attribution retained; not legal advice","2026-08-20"
"pcclock_model2","PCHorvath1|PCHorvath2|PCHannum|PCPhenoAge|PCDNAmTL|PCGrimAge","complex/pcclock_model2.RData","pcclock_model2.RData",4365506,"439e5099d707ad675e31c76930de677f","407a55424acf7779aebb80d6043e9537d11813f449da91474d265d1666372b59","ENmix","Artistic-2.0","REDISTRIBUTABLE_WITH_NOTICE","ENmix Bioconductor source snapshot 2026-08-16","https://bioconductor.org/packages/ENmix","upstream package or repository license; attribution retained; not legal advice","2026-08-20"
"pcclock_model3","PCHorvath1|PCHorvath2|PCHannum|PCPhenoAge|PCDNAmTL|PCGrimAge","complex/pcclock_model3.RData","pcclock_model3.RData",4392515,"4b108eaaad576f8412991649ed463ea0","cc3da7813ebe1c5738241ce726f334c1620e8f33ed4489d9790fc05f80cf5cab","ENmix","Artistic-2.0","REDISTRIBUTABLE_WITH_NOTICE","ENmix Bioconductor source snapshot 2026-08-16","https://bioconductor.org/packages/ENmix","upstream package or repository license; attribution retained; not legal advice","2026-08-20"
"pcclock_model4","PCHorvath1|PCHorvath2|PCHannum|PCPhenoAge|PCDNAmTL|PCGrimAge","complex/pcclock_model4.RData","pcclock_model4.RData",4398043,"a74f03465ef046557a2f6bd9ebf66704","29b15143e655874f1ea6ed517cfaf155d5df874505605aa36ee6f297d5f7c7ba","ENmix","Artistic-2.0","REDISTRIBUTABLE_WITH_NOTICE","ENmix Bioconductor source snapshot 2026-08-16","https://bioconductor.org/packages/ENmix","upstream package or repository license; attribution retained; not legal advice","2026-08-20"
"omniager_bernabeu_cage_coef","Bernabeu_cAge2023","omniage/omniager_bernabeu_cage_coef.rds","omniager_bernabeu_cage_coef.rds",86664,"21ac6160aee413b05951952cddbe7014","d20e180f3235fea350049d0b2a87a3a3a14f0bd1e648df6acdac37095b054af7","OmniAgeR","MIT","REDISTRIBUTABLE_WITH_NOTICE","OmniAgeR 0.99.9200 snapshot 2026-08-10","https://github.com/Duzhaozhen/OmniAgeR","upstream package or repository license; attribution retained; not legal advice","2026-08-20"
"omniager_cortical_clock_coef","CorticalClock2020","omniage/omniager_cortical_clock_coef.rds","omniager_cortical_clock_coef.rds",3540080,"c1faf30222a6b67e0aa876bfde92278e","7aa611698eab6eedbcfca8a8fddeb8b5032cbf2d8473c51b2f384d99a3832658","OmniAgeR","MIT","REDISTRIBUTABLE_WITH_NOTICE","OmniAgeR 0.99.9200 snapshot 2026-08-10","https://github.com/Duzhaozhen/OmniAgeR","upstream package or repository license; attribution retained; not legal advice","2026-08-20"
"omniager_dnamfitage_coef","DNAmFitAge2023","omniage/omniager_dnamfitage_coef.rds","omniager_dnamfitage_coef.rds",18320,"83b24e9174014ff2acffe4b6b79583fa","8d03493165492c2ec10f13382dddb99b1f7aa3ed22658aa58d2c7ae143af396e","OmniAgeR","MIT","REDISTRIBUTABLE_WITH_NOTICE","OmniAgeR 0.99.9200 snapshot 2026-08-10","https://github.com/Duzhaozhen/OmniAgeR","upstream package or repository license; attribution retained; not legal advice","2026-08-20"
"omniager_epicmit_model","EpiCMIT_Hyper2020|EpiCMIT_Hypo2020","omniage/omniager_epicmit_model.rds","omniager_epicmit_model.rds",15084,"f66d24e77f7f44862a534f2260e0d365","06601aba5c3d5fae3223be74b35719b00b04a5b3656451b722f9478ac74bba93","OmniAgeR","MIT","REDISTRIBUTABLE_WITH_NOTICE","OmniAgeR 0.99.9200 snapshot 2026-08-10","https://github.com/Duzhaozhen/OmniAgeR","upstream package or repository license; attribution retained; not legal advice","2026-08-20"
"omniager_epitoc3_model","EpiTOC3","omniage/omniager_epitoc3_model.rds","omniager_epitoc3_model.rds",1224,"71cdd0ec969eccd4723e9884f3979277","2d13e1324e321e11a17d10033fe9f7e144550d77b758889b6433f84e343ed3da","OmniAgeR","MIT","REDISTRIBUTABLE_WITH_NOTICE","OmniAgeR 0.99.9200 snapshot 2026-08-10","https://github.com/Duzhaozhen/OmniAgeR","upstream package or repository license; attribution retained; not legal advice","2026-08-20"
"omniager_hypoclock_cpg","HypoClock2020","omniage/omniager_hypoclock_cpg.rds","omniager_hypoclock_cpg.rds",2840,"95564fdf832744abfbccac4ebc524b67","c9c49eee5a365117cfae153beeac57b2b3ce6eb70ecc56cec64b1a5195d4471f","OmniAgeR","MIT","REDISTRIBUTABLE_WITH_NOTICE","OmniAgeR 0.99.9200 snapshot 2026-08-10","https://github.com/Duzhaozhen/OmniAgeR","upstream package or repository license; attribution retained; not legal advice","2026-08-20"
"omniager_stemtoc_cpg","StemTOC2024","omniage/omniager_stemtoc_cpg.rds","omniager_stemtoc_cpg.rds",1676,"033af027e2464f2f9e1130fbbddfc2a0","3be2639e3da406f9496a3bc8c0afd7df94afc150b9efd63fb2a601126c38b774","OmniAgeR","MIT","REDISTRIBUTABLE_WITH_NOTICE","OmniAgeR 0.99.9200 snapshot 2026-08-10","https://github.com/Duzhaozhen/OmniAgeR","upstream package or repository license; attribution retained; not legal advice","2026-08-20"
"omniager_stemtocvitro_cpg","StemTOCvitro2024","omniage/omniager_stemtocvitro_cpg.rds","omniager_stemtocvitro_cpg.rds",2660,"5a7365bd329745c5fa059374bb12055f","d2ac7280932d6697145da0f4d9fa611be6b015474487d5a2f197c7f5e76689ae","OmniAgeR","MIT","REDISTRIBUTABLE_WITH_NOTICE","OmniAgeR 0.99.9200 snapshot 2026-08-10","https://github.com/Duzhaozhen/OmniAgeR","upstream package or repository license; attribution retained; not legal advice","2026-08-20"
"adult_blood_epidish","deconvolution:adult_blood_epidish","references/adult_blood_epidish.rds","adult_blood_epidish.rds",11325,"bed7770a52bcf1667c25e82434fe10e1","8d5376975bd61f8395db26bd48d14486cd22d4e7092c453bcacc9660a1b499ab","EpiDISH","GPL-2","REDISTRIBUTABLE_WITH_NOTICE","EpiDISH 2.28.0 centBloodSub.m","https://bioconductor.org/packages/EpiDISH","upstream package or repository license; attribution retained; not legal advice","2026-08-20"
"cord_blood_houseman","deconvolution:cord_blood_houseman","references/cord_blood_houseman.rds","cord_blood_houseman.rds",40855,"78141b2fbfbbfa7720828457eafc7a77","92a6615a17546de2c7ec3d1b64623edd37819722c0f6756b6d12101883f8cd3b","FlowSorted.CordBlood.450k","Artistic-2.0","REDISTRIBUTABLE_WITH_NOTICE","FlowSorted.CordBlood.450k 1.40.0 ModelPars","https://bioconductor.org/packages/FlowSorted.CordBlood.450k","upstream package or repository license; attribution retained; not legal advice","2026-08-20"
"placenta_planet_third_trimester","deconvolution:placenta_planet_third_trimester","references/placenta_planet_third_trimester.rds","placenta_planet_third_trimester.rds",31352,"b653e77a959e1126c8696493deaa9858","bf9442442d5ea10d58771a760ffbe7bac7adca4286e57da7f02919d059b47851","planet","GPL-2","REDISTRIBUTABLE_WITH_NOTICE","planet 1.20.0 plCellCpGsThird","https://bioconductor.org/packages/planet","upstream package or repository license; attribution retained; not legal advice","2026-08-20"
"ABEC2020","ABEC2020","weights/ABEC2020.csv","ABEC2020.csv",55090,"8b4817613ebbf5a5c66fb4afc06c6a1b","87dfc715020d4f84ad8701eb35f7282786c05c87090fe89cff3c0e966d1f8345","OmniAgeR","MIT","REDISTRIBUTABLE_WITH_NOTICE","OmniAgeR 0.99.9200; GitHub main 2026-08-10 snapshot","https://github.com/Duzhaozhen/OmniAgeR","upstream package or repository license; attribution retained; not legal advice","2026-08-20"
"AdaptAge2024","AdaptAge2024","weights/AdaptAge2024.csv","AdaptAge2024.csv",26722,"39f480284e8a71d853fdfefb1d70a213","35a06581a0482282b59f8f322ee41b24977b44f2193cbb5efc9c10366ff325c6","OmniAgeR","MIT","REDISTRIBUTABLE_WITH_NOTICE","OmniAgeR 0.99.9200; GitHub main 2026-08-10 snapshot","https://github.com/Duzhaozhen/OmniAgeR","upstream package or repository license; attribution retained; not legal advice","2026-08-20"
"Bocklandt2011","Bocklandt2011","weights/Bocklandt2011.csv","Bocklandt2011.csv",56,"cc886f9b87f053ee35810db760f6ce07","4a31f4cb65939d26c98aa6528ccdbe40164872b7c95f857730124b19910d8af9","BioLearn","New BSD","REDISTRIBUTABLE_WITH_NOTICE","BioLearn GitHub main 2026-08-16 snapshot","https://github.com/bio-learn/biolearn","upstream package or repository license; attribution retained; not legal advice","2026-08-20"
"Bohlin_US2016","Bohlin_US2016","weights/Bohlin_US2016.csv","Bohlin_US2016.csv",3872,"744744b7f8354cd2781d8fee3236ed3b","479fb266742c8b102dbb50e6aa2eb907140670fc466ac64cddf59a6162018951","methylclock and methylclockData","MIT","REDISTRIBUTABLE_WITH_NOTICE","methylclock 1.18.0; methylclockData 1.20.0","https://github.com/isglobal-brge/methylclock","upstream package or repository license; attribution retained; not legal advice","2026-08-20"
"CausalAge2024","CausalAge2024","weights/CausalAge2024.csv","CausalAge2024.csv",15480,"e76ec4a00e63d4b3662efcb3b6ad7d17","91bdfc9bb5bfd9a1a81058ca38d884f5787db00c2a85214709047044e0430560","OmniAgeR","MIT","REDISTRIBUTABLE_WITH_NOTICE","OmniAgeR 0.99.9200; GitHub main 2026-08-10 snapshot","https://github.com/Duzhaozhen/OmniAgeR","upstream package or repository license; attribution retained; not legal advice","2026-08-20"
"DNAmTL2019","DNAmTL2019","weights/DNAmTL2019.csv","DNAmTL2019.csv",4885,"b9d5d9881c7b9887b80183d2c60d89e5","23cc765ac6d9ea556f361268a2ebcbaecf1adb028cddfc72c716b0066f4f1e52","methylclock and methylclockData","MIT","REDISTRIBUTABLE_WITH_NOTICE","methylclock 1.18.0; methylclockData 1.20.0","https://github.com/isglobal-brge/methylclock","upstream package or repository license; attribution retained; not legal advice","2026-08-20"
"DamAge2024","DamAge2024","weights/DamAge2024.csv","DamAge2024.csv",28539,"f32bd1ad2bb9d848458cdb463228f697","a13aaf1a31b4d6c6fedb1f1b5c4f445d48056e2b9bcbbe10eb12aa3328ade9bd","OmniAgeR","MIT","REDISTRIBUTABLE_WITH_NOTICE","OmniAgeR 0.99.9200; GitHub main 2026-08-10 snapshot","https://github.com/Duzhaozhen/OmniAgeR","upstream package or repository license; attribution retained; not legal advice","2026-08-20"
"DunedinPoAm38","DunedinPoAm38","weights/DunedinPoAm38.csv","DunedinPoAm38.csv",1572,"73c64b8808e6b9331eb927d8c444547a","0dd1327acb2ba0e81e314154001adae22a8926ec7b4487fabf508ef0ae0ba614","BioLearn","New BSD","REDISTRIBUTABLE_WITH_NOTICE","BioLearn GitHub main 2026-08-16 snapshot","https://github.com/bio-learn/biolearn","upstream package or repository license; attribution retained; not legal advice","2026-08-20"
"ENCen100_2023","ENCen100_2023","weights/ENCen100_2023.csv","ENCen100_2023.csv",4775,"b25b29e491772893866615c07c043da9","e05425263cc4161f4d9d95aac2cc11d1cc90bde8eab053f249b98bdc48f726fb","OmniAgeR","MIT","REDISTRIBUTABLE_WITH_NOTICE","OmniAgeR 0.99.9200; GitHub main 2026-08-10 snapshot","https://github.com/Duzhaozhen/OmniAgeR","upstream package or repository license; attribution retained; not legal advice","2026-08-20"
"ENCen40_2023","ENCen40_2023","weights/ENCen40_2023.csv","ENCen40_2023.csv",13455,"6c74579a8d70636227206b9af735c758","053a660b7b577f1d1a967265336cb1f7b11b668e3cc4f573ab9d0aa94e2a8743","OmniAgeR","MIT","REDISTRIBUTABLE_WITH_NOTICE","OmniAgeR 0.99.9200; GitHub main 2026-08-10 snapshot","https://github.com/Duzhaozhen/OmniAgeR","upstream package or repository license; attribution retained; not legal advice","2026-08-20"
"Garagnani2012","Garagnani2012","weights/Garagnani2012.csv","Garagnani2012.csv",56,"a608f31abdac1c0e90e6a8ea8daebfe9","b0d62ecc03bba21711ea1de8b37f1ede0c54f1e5187dc88592826c195a640d52","OmniAgeR","MIT","REDISTRIBUTABLE_WITH_NOTICE","OmniAgeR 0.99.9200; GitHub main 2026-08-10 snapshot","https://github.com/Duzhaozhen/OmniAgeR","upstream package or repository license; attribution retained; not legal advice","2026-08-20"
"HUVEC_GA2023","HUVEC_GA2023","weights/HUVEC_GA2023.csv","HUVEC_GA2023.csv",2457,"011e9c12e5ab5b1c523735134d76e9ec","fe8774933bb3599e204f3097d9d4d208fae71356102206d835c6e705e5fae42f","author supplementary table","CC BY 4.0","REDISTRIBUTABLE_WITH_NOTICE","Peng et al. Research Square 2023 Supplementary Table 1","https://doi.org/10.21203/rs.3.rs-3112428/v1","upstream package or repository license; attribution retained; not legal advice","2026-08-20"
"Haftorn_EPIC_GA2021","Haftorn_EPIC_GA2021","weights/Haftorn_EPIC_GA2021.csv","Haftorn_EPIC_GA2021.csv",7068,"164b6c57160f2c63ff0a7ecbed2328c7","ec5598361ab77cfb6c635d0c403597ef96fc3c932a9711534bc8aabe1d299ad7","methylclock and methylclockData","MIT","REDISTRIBUTABLE_WITH_NOTICE","methylclock 1.18.0; methylclockData 1.20.0","https://github.com/isglobal-brge/methylclock","upstream package or repository license; attribution retained; not legal advice","2026-08-20"
"Hannum2013","Hannum2013","weights/Hannum2013.csv","Hannum2013.csv",1984,"6b0e4c6dd1c120007101aaceb2dc51a5","e2ca585ebdebc14ce1d60ff8658d4c5340092c2201e3268720ca502e67be06b4","methylclock and methylclockData","MIT","REDISTRIBUTABLE_WITH_NOTICE","methylclock 1.18.0; methylclockData 1.20.0","https://github.com/isglobal-brge/methylclock","upstream package or repository license; attribution retained; not legal advice","2026-08-20"
"Horvath2013","Horvath2013","weights/Horvath2013.csv","Horvath2013.csv",12238,"1b0eeef7a32542fe2331cd11d0764176","199a617901ef74dadbd287d1ddb93042b72c4c41ed5f4dd8513bcdce88f9f823","methylclock and methylclockData","MIT","REDISTRIBUTABLE_WITH_NOTICE","methylclock 1.18.0; methylclockData 1.20.0","https://github.com/isglobal-brge/methylclock","upstream package or repository license; attribution retained; not legal advice","2026-08-20"
"ICClock2025","ICClock2025","weights/ICClock2025.csv","ICClock2025.csv",2455,"fbc0ca3c664e8d8d05aa8b7432d1f7c1","234031dec1846a48bf797dff8f387f9ad33ed577d727e2b9bcb4b369cf4c89d1","OmniAgeR","MIT","REDISTRIBUTABLE_WITH_NOTICE","OmniAgeR 0.99.9200; GitHub main 2026-08-10 snapshot","https://github.com/Duzhaozhen/OmniAgeR","upstream package or repository license; attribution retained; not legal advice","2026-08-20"
"IntrinClock2024","IntrinClock2024","weights/IntrinClock2024.csv","IntrinClock2024.csv",12489,"c69c07ade25badacc780e9a16ab6788d","c1c5f8366c8b9e0d926368162787d53ddbe9c34f7a92410986223968f83b6034","OmniAgeR","MIT","REDISTRIBUTABLE_WITH_NOTICE","OmniAgeR 0.99.9200; GitHub main 2026-08-10 snapshot","https://github.com/Duzhaozhen/OmniAgeR","upstream package or repository license; attribution retained; not legal advice","2026-08-20"
"Knight2016","Knight2016","weights/Knight2016.csv","Knight2016.csv",5158,"6f899f90082fc5d1c85fbdb9bcace017","8fba57834c17328c30b72fe53c645df296dbcadadb405c6fe4100546687c036d","methylclock and methylclockData","MIT","REDISTRIBUTABLE_WITH_NOTICE","methylclock 1.18.0; methylclockData 1.20.0","https://github.com/isglobal-brge/methylclock","upstream package or repository license; attribution retained; not legal advice","2026-08-20"
"Lee_CPC2019","Lee_CPC2019","weights/Lee_CPC2019.csv","Lee_CPC2019.csv",32727,"524c48d84befd103fc9c76b518a8661a","5f154498433e5655125a12f3de047d02435a83340e947768850374f4ae3d8f25","methylclock and methylclockData","MIT","REDISTRIBUTABLE_WITH_NOTICE","methylclock 1.18.0; methylclockData 1.20.0","https://github.com/isglobal-brge/methylclock","upstream package or repository license; attribution retained; not legal advice","2026-08-20"
"Lee_RPC2019","Lee_RPC2019","weights/Lee_RPC2019.csv","Lee_RPC2019.csv",32896,"fcedec4590cf087145c2b6f59e9096e0","5ce3b15059c773c457953c862124c8073dd974ced87f2ef972b45199636edab8","methylclock and methylclockData","MIT","REDISTRIBUTABLE_WITH_NOTICE","methylclock 1.18.0; methylclockData 1.20.0","https://github.com/isglobal-brge/methylclock","upstream package or repository license; attribution retained; not legal advice","2026-08-20"
"Lee_rRPC2019","Lee_rRPC2019","weights/Lee_rRPC2019.csv","Lee_rRPC2019.csv",31178,"4c2160158e64c40cc28584d021a1c6b3","01f51cf08b356632b29204cfdc8a94d0535dd10463e9b6c3f8bb850ea3d57c13","methylclock and methylclockData","MIT","REDISTRIBUTABLE_WITH_NOTICE","methylclock 1.18.0; methylclockData 1.20.0","https://github.com/isglobal-brge/methylclock","upstream package or repository license; attribution retained; not legal advice","2026-08-20"
"Lin2016","Lin2016","weights/Lin2016.csv","Lin2016.csv",2513,"979ac9bcab279450da989e4bdc259a8c","ef996126c2c801fbb277eb98bab57af57b2cb9427976e84ee94348f1863f679d","OmniAgeR","MIT","REDISTRIBUTABLE_WITH_NOTICE","OmniAgeR 0.99.9200; GitHub main 2026-08-10 snapshot","https://github.com/Duzhaozhen/OmniAgeR","upstream package or repository license; attribution retained; not legal advice","2026-08-20"
"Mayne2017","Mayne2017","weights/Mayne2017.csv","Mayne2017.csv",2207,"daf7ef21219abc87cd3ef798a02981da","d0bf2ccf54cc0be66b461e15a923ed4a5579bb310921ebeeccb9a656759fe54a","methylclock and methylclockData","MIT","REDISTRIBUTABLE_WITH_NOTICE","methylclock 1.18.0; methylclockData 1.20.0","https://github.com/isglobal-brge/methylclock","upstream package or repository license; attribution retained; not legal advice","2026-08-20"
"PedBE2019","PedBE2019","weights/PedBE2019.csv","PedBE2019.csv",3937,"40c29731203c53a05b0ea8ed1cf0fc7f","e17864ee1a7617f548a2ad80cb49dd42f5dafc8b443277998659a0b250e6958c","methylclock and methylclockData","MIT","REDISTRIBUTABLE_WITH_NOTICE","methylclock 1.18.0; methylclockData 1.20.0","https://github.com/isglobal-brge/methylclock","upstream package or repository license; attribution retained; not legal advice","2026-08-20"
"PhenoAge2018","PhenoAge2018","weights/PhenoAge2018.csv","PhenoAge2018.csv",17674,"9aed42fe9c7794394c4a1404b28af965","681f527112e1294d0a029a24ccd34e12a52b39c2de300ccf76d8e3e3f3088a95","methylclock and methylclockData","MIT","REDISTRIBUTABLE_WITH_NOTICE","methylclock 1.18.0; methylclockData 1.20.0","https://github.com/isglobal-brge/methylclock","upstream package or repository license; attribution retained; not legal advice","2026-08-20"
"PipekElasticNet2023","PipekElasticNet2023","weights/PipekElasticNet2023.csv","PipekElasticNet2023.csv",7919,"69dbef98682d052af00e94c20dc913fb","7376edf5dde5cf4fba3b23cb7c0cd21627aeb615d46d1f1793a8da5ddcd76002","OmniAgeR","MIT","REDISTRIBUTABLE_WITH_NOTICE","OmniAgeR 0.99.9200; GitHub main 2026-08-10 snapshot","https://github.com/Duzhaozhen/OmniAgeR","upstream package or repository license; attribution retained; not legal advice","2026-08-20"
"PipekFilteredH2023","PipekFilteredH2023","weights/PipekFilteredH2023.csv","PipekFilteredH2023.csv",8908,"ad8c3f1fc96b7b424a5ea05e341b8346","63800276c6e048be60b519507fddafcd2b4095c9f70ec0fba9183ec06df851bd","OmniAgeR","MIT","REDISTRIBUTABLE_WITH_NOTICE","OmniAgeR 0.99.9200; GitHub main 2026-08-10 snapshot","https://github.com/Duzhaozhen/OmniAgeR","upstream package or repository license; attribution retained; not legal advice","2026-08-20"
"PipekRetrainedH2023","PipekRetrainedH2023","weights/PipekRetrainedH2023.csv","PipekRetrainedH2023.csv",10064,"450c973c543206f78a86c10ffee03daf","dfd839fc66add1bf74109bf08f11ba062db3b37bbae67a403e15d589114d2566","OmniAgeR","MIT","REDISTRIBUTABLE_WITH_NOTICE","OmniAgeR 0.99.9200; GitHub main 2026-08-10 snapshot","https://github.com/Duzhaozhen/OmniAgeR","upstream package or repository license; attribution retained; not legal advice","2026-08-20"
"RepliTali2022","RepliTali2022","weights/RepliTali2022.csv","RepliTali2022.csv",2871,"995b94711986c42484a5886914867f03","293b0ad47208975739ad58f3e9cd9aee1bde51711a8ed904333b5a2d9a0f5eb2","OmniAgeR","MIT","REDISTRIBUTABLE_WITH_NOTICE","OmniAgeR 0.99.9200; GitHub main 2026-08-10 snapshot","https://github.com/Duzhaozhen/OmniAgeR","upstream package or repository license; attribution retained; not legal advice","2026-08-20"
"RetroAgeV1_2024","RetroAgeV1_2024","weights/RetroAgeV1_2024.csv","RetroAgeV1_2024.csv",42192,"64eb83c3b788bc91fad505b889ec9903","a4cc6ada41e7da8e7eb02327e55c167421dd682e1acdcae2d9aa8dc378c61358","OmniAgeR","MIT","REDISTRIBUTABLE_WITH_NOTICE","OmniAgeR 0.99.9200; GitHub main 2026-08-10 snapshot","https://github.com/Duzhaozhen/OmniAgeR","upstream package or repository license; attribution retained; not legal advice","2026-08-20"
"RetroAgeV2_2024","RetroAgeV2_2024","weights/RetroAgeV2_2024.csv","RetroAgeV2_2024.csv",44324,"54f35925bad8d4d0cf9e7cd58fdb2136","e98522a0afde58fa8bdbd9ecad13013a7ddaa166d08a18308f519ef3dffe1314","OmniAgeR","MIT","REDISTRIBUTABLE_WITH_NOTICE","OmniAgeR 0.99.9200; GitHub main 2026-08-10 snapshot","https://github.com/Duzhaozhen/OmniAgeR","upstream package or repository license; attribution retained; not legal advice","2026-08-20"
"SkinBlood2018","SkinBlood2018","weights/SkinBlood2018.csv","SkinBlood2018.csv",13509,"67a369a82e5fc47061a83ff497fef374","39a0ed4aee298a28fd0f992fa59e8cef4170d052fc66b86bc657617134ead5f1","methylclock and methylclockData","MIT","REDISTRIBUTABLE_WITH_NOTICE","methylclock 1.18.0; methylclockData 1.20.0","https://github.com/isglobal-brge/methylclock","upstream package or repository license; attribution retained; not legal advice","2026-08-20"
"StocH2024","StocH2024","weights/StocH2024.csv","StocH2024.csv",11381,"661efc149964b12f69cd8f91fb9d8795","f68f7eee2d1e068c51870bba31aee7403f9fc3858eefa08da828d326409835f3","BioLearn","New BSD","REDISTRIBUTABLE_WITH_NOTICE","BioLearn GitHub main 2026-08-16 snapshot","https://github.com/bio-learn/biolearn","upstream package or repository license; attribution retained; not legal advice","2026-08-20"
"StocP2024","StocP2024","weights/StocP2024.csv","StocP2024.csv",16922,"5496f164b48d3cf7daf22697029dd8db","b789f98a2c7db862fcf5cccc0d4efdeb4c4f701f7b963cae4d9413dced3dafe8","BioLearn","New BSD","REDISTRIBUTABLE_WITH_NOTICE","BioLearn GitHub main 2026-08-16 snapshot","https://github.com/bio-learn/biolearn","upstream package or repository license; attribution retained; not legal advice","2026-08-20"
"StocZ2024","StocZ2024","weights/StocZ2024.csv","StocZ2024.csv",16958,"f7ae738302db0fac36df77b75b93e90d","c708ba67ec26f4d0344c92a2f96c99a291ff1b9ecdbc1cc29b50649882dc10c9","BioLearn","New BSD","REDISTRIBUTABLE_WITH_NOTICE","BioLearn GitHub main 2026-08-16 snapshot","https://github.com/bio-learn/biolearn","upstream package or repository license; attribution retained; not legal advice","2026-08-20"
"VidalBralo2016","VidalBralo2016","weights/VidalBralo2016.csv","VidalBralo2016.csv",199,"2d76c63d0adc1daa18b3b76a906216f0","5d306fb40552ba10e826b3f4cdf189e59dc92f4f092b77f198dc19536438e240","OmniAgeR","MIT","REDISTRIBUTABLE_WITH_NOTICE","OmniAgeR 0.99.9200; GitHub main 2026-08-10 snapshot","https://github.com/Duzhaozhen/OmniAgeR","upstream package or repository license; attribution retained; not legal advice","2026-08-20"
"Weidner2014","Weidner2014","weights/Weidner2014.csv","Weidner2014.csv",99,"56dc4bc2c3bc5c9694fd50e55e86c395","109f1b4f196d2f935101084f8592dbd583c7e6d432edb8500878805a2e219158","OmniAgeR","MIT","REDISTRIBUTABLE_WITH_NOTICE","OmniAgeR 0.99.9200; GitHub main 2026-08-10 snapshot","https://github.com/Duzhaozhen/OmniAgeR","upstream package or repository license; attribution retained; not legal advice","2026-08-20"
"Wu2019","Wu2019","weights/Wu2019.csv","Wu2019.csv",3886,"8b376205915be7eab0a800fadb196986","31c41e011ecc06c9aa196ce1ab8cc8b639c5b431543c00878c8d481ff534ab72","methylclock and methylclockData","MIT","REDISTRIBUTABLE_WITH_NOTICE","methylclock 1.18.0; methylclockData 1.20.0","https://github.com/isglobal-brge/methylclock","upstream package or repository license; attribution retained; not legal advice","2026-08-20"
"Zhang10Mortality2017","Zhang10Mortality2017","weights/Zhang10Mortality2017.csv","Zhang10Mortality2017.csv",268,"86cb878216541c91493becf4f1cf2afc","c6f9bb048c435618609d8ab6b7b4e1ec7c2a97d8546c5bb0f6b69b1f94c38945","OmniAgeR","MIT","REDISTRIBUTABLE_WITH_NOTICE","OmniAgeR 0.99.9200; GitHub main 2026-08-10 snapshot","https://github.com/Duzhaozhen/OmniAgeR","upstream package or repository license; attribution retained; not legal advice","2026-08-20"
"Zhang_BLUP2019","Zhang_BLUP2019","weights/Zhang_BLUP2019.csv","Zhang_BLUP2019.csv",13454398,"da85626eaeea0a04782ffeef1aeca579","3eecb315e544d61be20d38e1bcb6479b8ba30997cb71d389b2e7ff6c0e738dc7","methylclock and methylclockData","MIT","REDISTRIBUTABLE_WITH_NOTICE","methylclock 1.18.0; methylclockData 1.20.0","https://github.com/isglobal-brge/methylclock","upstream package or repository license; attribution retained; not legal advice","2026-08-20"
"Zhang_EN2019","Zhang_EN2019","weights/Zhang_EN2019.csv","Zhang_EN2019.csv",20938,"b9f539b63b987ce3aa34107554a06527","31e6c29f2035579b9e3cff208febac66bf78a7af9ca8757bd90193bb02e279fc","methylclock and methylclockData","MIT","REDISTRIBUTABLE_WITH_NOTICE","methylclock 1.18.0; methylclockData 1.20.0","https://github.com/isglobal-brge/methylclock","upstream package or repository license; attribution retained; not legal advice","2026-08-20"
"cABEC2020","cABEC2020","weights/cABEC2020.csv","cABEC2020.csv",61479,"f394efd81f30a58acce4978a105dfc3f","296781ba1e548ff1b6266319fb04532f2e3019836b76872d33bcf02ded6940cd","OmniAgeR","MIT","REDISTRIBUTABLE_WITH_NOTICE","OmniAgeR 0.99.9200; GitHub main 2026-08-10 snapshot","https://github.com/Duzhaozhen/OmniAgeR","upstream package or repository license; attribution retained; not legal advice","2026-08-20"
"eABEC2020","eABEC2020","weights/eABEC2020.csv","eABEC2020.csv",58264,"f37df20dd3703cb79869258c0f8b2284","4407b02f0f38cf8505ee7eeb0dfc09fc31e06cddc7a8e0a4815336f61d15f885","OmniAgeR","MIT","REDISTRIBUTABLE_WITH_NOTICE","OmniAgeR 0.99.9200; GitHub main 2026-08-10 snapshot","https://github.com/Duzhaozhen/OmniAgeR","upstream package or repository license; attribution retained; not legal advice","2026-08-20"
