probe,coefficient,training_median
(Intercept),-7.554587457206566,
cg02228185,-14.543413410802437,0.7573447823524475
cg03607117,84.7848329886126,0.09514302015304565
cg26921969,34.15158490315046,0.2897889018058775
cg20665157,22.09457946025258,0.582037597894669
cg02047547,72.16125944046232,0.9089144170284269
cg04875128,31.055825914782268,0.2305637300014495
cg22736354,35.63667766207421,0.292552128434181
cg26290632,37.56333691162867,0.20911517739295948
cg11741201,-33.0497661017416,0.19943600893020602
cg22682811,25.63870863590217,0.2082312926650045
cg20822990,-87.28336568339766,0.3289605230093
cg17471102,-33.87035598201127,0.55332812666893
