"probe","coefficient","role"
"cg20822990",-15.7,"probe"
"cg22512670",1.05,"probe"
"cg25410668",3.87,"probe"
"cg04400972",9.62,"probe"
"cg16054275",-11.1,"probe"
"cg10501210",-6.46,"probe"
"cg09809672",-0.74,"probe"
"ch.2.30415474F",5.79,"probe"
"cg22158769",-2.06,"probe"
"cg02085953",1.02,"probe"
"cg06639320",8.95,"probe"
"cg22454769",4.85,"probe"
"cg24079702",2.48,"probe"
"cg23606718",8.35,"probe"
"cg22016779",1.79,"probe"
"cg04474832",-7.1,"probe"
"cg03607117",10.7,"probe"
"cg07553761",3.72,"probe"
"cg00481951",-2.72,"probe"
"cg25478614",4.01,"probe"
"cg25428494",-1.81,"probe"
"cg02650266",10.2,"probe"
"cg08234504",-3.16,"probe"
"cg23500537",5.67,"probe"
"cg20052760",-12.6,"probe"
"cg16867657",10.8,"probe"
"cg22736354",4.42,"probe"
"cg06493994",9.42,"probe"
"cg06685111",-13.1,"probe"
"cg00486113",-10.7,"probe"
"cg13001142",-5.8,"probe"
"cg20426994",19.1,"probe"
"cg14361627",10.7,"probe"
"cg08097417",27.3,"probe"
"cg07955995",13.7,"probe"
"cg22285878",-20.7,"probe"
"cg03473532",-3.31,"probe"
"cg08540945",9.41,"probe"
"cg07927379",-1.42,"probe"
"cg16419235",-1.6,"probe"
"cg07583137",3.03,"probe"
"cg22796704",-10.6,"probe"
"cg19935065",13.4,"probe"
"cg23091758",-0.392,"probe"
"cg23744638",0.0859,"probe"
"cg04940570",11.6,"probe"
"cg11067179",14.7,"probe"
"cg22213242",23.7,"probe"
"cg06419846",13.4,"probe"
"cg02046143",-10.2,"probe"
"cg00748589",8.21,"probe"
"cg19722847",-5.66,"probe"
"cg18473521",8.85,"probe"
"cg01528542",-2.98,"probe"
"ch.13.39564907R",-20.6,"probe"
"cg03032497",8.4,"probe"
"cg04875128",-4.37,"probe"
"cg21296230",8.39,"probe"
"cg09651136",-15.8,"probe"
"cg03399905",28,"probe"
"cg04416734",11.9,"probe"
"cg07082267",2.87,"probe"
"cg14692377",19.1,"probe"
"cg06874016",-4.37,"probe"
"cg21139312",17.1,"probe"
"cg02867102",-12.5,"probe"
"cg19283806",-4.29,"probe"
"cg14556683",-4.04,"probe"
"cg07547549",3.11,"probe"
"cg05442902",-22.7,"probe"
"cg08415592",-6.92,"probe"
