probe,coefficient,role
(Intercept),30.2945279,intercept
cg26339484,1.11335003,probe
cg08529574,-0.270825,probe
cg16312002,0.05549891,probe
cg15650580,0.04152318,probe
cg14817702,2.74787284,probe
cg09476154,0.04563963,probe
cg25758134,-2.6423574,probe
cg00969087,0.25925717,probe
cg21861340,0.17754927,probe
cg20682146,1.68681919,probe
cg01896605,-7.6260784,probe
cg00697486,0.41601688,probe
cg14706297,0.09379941,probe
cg12928619,-4.1016324,probe
cg04679040,-0.2502734,probe
cg14684141,0.63697486,probe
cg15140246,0.05804666,probe
cg09772299,0.89199064,probe
cg00331740,2.20299184,probe
cg16814023,0.06712198,probe
cg14986890,-0.476181,probe
cg12034765,-0.972691,probe
cg14760020,0.52115997,probe
cg20132545,0.96290186,probe
cg13810873,-0.1438248,probe
cg13735704,5.26005266,probe
cg12682529,0.08972318,probe
cg14451382,-0.6589154,probe
cg22052847,-0.7591501,probe
cg17454247,-0.4091106,probe
cg10030303,1.53236123,probe
cg08179037,0.95601615,probe
cg19108542,-7.1081431,probe
cg23143796,1.34397355,probe
cg06634471,-2.6376978,probe
cg01208296,0.58218683,probe
cg15367041,-0.1831088,probe
cg13400248,2.07081313,probe
cg16581075,-0.4375756,probe
cg12451926,0.24632867,probe
cg17805581,0.55793965,probe
cg09934789,-2.6136541,probe
cg16070605,-0.480864,probe
cg09147401,-0.0331472,probe
cg05413282,0.33095858,probe
cg08623856,3.50781957,probe
cg24874025,0.06135568,probe
cg11061422,0.39229759,probe
cg15012692,-1.682864,probe
cg18089519,0.07650968,probe
cg07283152,-1.2779541,probe
cg24607755,-0.7946555,probe
cg16150798,-0.0273311,probe
cg07710883,0.78499402,probe
cg23019886,-0.7757526,probe
cg06352218,-3.8220995,probe
cg25405684,-1.1492763,probe
cg08855729,-0.9417619,probe
cg07697828,-0.986094,probe
cg12026015,5.7260591,probe
cg01203563,-0.4118485,probe
cg23543263,2.42463937,probe
cg26842121,-0.7749576,probe
cg00502575,0.87876214,probe
cg20650823,-1.1443676,probe
cg05868942,-0.0495887,probe
cg06496630,0.04249048,probe
cg26270066,0.19278073,probe
cg12638476,0.09624678,probe
cg02016903,-1.6767636,probe
cg25414799,1.13965667,probe
cg05212282,-3.8759749,probe
cg05288475,0.06084625,probe
cg08326019,0.11532871,probe
cg08384112,0.92803837,probe
cg22410544,0.34508237,probe
cg15867944,1.03876654,probe
cg23966593,-0.2587385,probe
cg04398610,-1.121961,probe
cg14239488,0.26547173,probe
cg19414598,2.80997468,probe
cg02852651,-1.0273513,probe
cg22780000,6.16408107,probe
