"probe","coefficient"
"Intercept",0.632194287640139
"cg00075967",0.155078101689308
"cg00091693",-0.291876049610751
"cg00168942",-0.360559213099653
"cg00374717",0.146772728186434
"cg00431549",-0.048812109933919
"cg00436603",0.120888468874145
"cg00864867",0.706247181115911
"cg00945507",0.159952037889137
"cg01027739",0.0784143433906201
"cg01027805",0.0072957668014176
"cg01262913",-0.42229509723137
"cg01353448",0.108070871244647
"cg01407797",-0.0494795163316
"cg01459453",-0.359531782895628
"cg01485645",-0.445891319339442
"cg01511567",-0.192249647154144
"cg01560871",-0.205331096953208
"cg01570885",-0.118490581599572
"cg01584473",-0.011248705603488
"cg01644850",0.0863564700549863
"cg01656216",0.015325154784335
"cg01820374",-0.13382241836484
"cg01873645",-1.46443254700025
"cg01968178",0.681042358000495
"cg02047577",-3.38061761175642
"cg02071305",-0.0492751165702874
"cg02154074",0.226244346470272
"cg02217159",-0.0997453290548159
"cg02275294",0.316667569171716
"cg02331561",0.033049388348211
"cg02332492",0.233100186442068
"cg02335441",-0.581172644801251
"cg02364642",-0.269340034159766
"cg02388150",0.365860901898993
"cg02479575",-0.0604151999713438
"cg02489552",0.134962610265884
"cg02580606",0.00341707396499789
"cg02827112",0.0739201043126306
"cg03019000",-0.320293435010762
"cg03103192",0.0641284767840577
"cg03167275",-1.21022552754811
"cg03286783",0.333603333981334
"cg03330058",-0.194408620735361
"cg03565323",-0.122367480166595
"cg03578041",-0.151441449917933
"cg03588357",-1.80330947242285
"cg03682823",0.101968203422664
"cg03760483",0.0698120162622034
"cg03891319",0.0831154893987423
"cg03947362",-0.780987162826638
"cg04084157",1.25029978599214
"cg04094160",-0.364098330723645
"cg04121983",-0.0819816858785288
"cg04126866",0.167996486577963
"cg04268405",-0.376603479110866
"cg04474832",-0.0246994944539669
"cg04528819",0.530113943407079
"cg04836038",0.988414845179285
"cg04999691",-0.360930081462625
"cg05250458",0.427387522942502
"cg05294243",0.304761373266457
"cg05365729",0.293931850637764
"cg05442902",-0.088958708510612
"cg05675373",0.228091154078571
"cg05755779",0.155348538107176
"cg05847778",-0.945908312175411
"cg05903609",-0.0351485942730983
"cg05921699",0.253548416546191
"cg06044899",0.105325597224628
"cg06121469",-0.11455165444325
"cg06144905",0.545882696854797
"cg06361108",0.00144566394798715
"cg06462291",0.0956787008500215
"cg06493994",0.759979689592941
"cg06513075",0.369913994594817
"cg06557358",-0.220120223416451
"cg06688848",-1.84164742610403
"cg06738602",-0.215580454646697
"cg06810647",-0.194557188172711
"cg06836772",-0.32733146213161
"cg06926735",1.62725682713138
"cg06952310",0.138508968985711
"cg06993413",1.66063723213343
"cg07285276",0.402319092280006
"cg07291563",1.62215544868824
"cg07337598",0.32968069575923
"cg07388493",-0.161857753709211
"cg07408456",-0.0944272258180603
"cg07455279",0.0659101300695161
"cg07498421",0.315061971676067
"cg07663789",0.0390782881582817
"cg07730301",-0.0461671723992766
"cg07770222",0.112953627135549
"cg07849904",-0.60400640236033
"cg08030082",0.113077821799219
"cg08090772",0.283879861425044
"cg08124722",0.0488339365279727
"cg08186124",-0.232034927868317
"cg08251036",0.00156925571769861
"cg08370996",1.09420910978612
"cg08413469",0.437587548519971
"cg08434234",-0.221982929680436
"cg08771731",0.410728564747109
"cg08965235",-0.371788359146508
"cg09019938",0.245223419559376
"cg09118625",0.405715125422459
"cg09133026",-0.457244513378152
"cg09191327",-0.646590451391391
"cg09418283",-0.842706204647693
"cg09441152",0.181014066427545
"cg09509673",0.0169704949363917
"cg09722397",-0.222401746932901
"cg09722555",-0.920060661310603
"cg09809672",-0.474818178898749
"cg09885951",1.18828404250852
"cg10045881",-0.135948515249861
"cg10266490",-0.124223432874906
"cg10281002",0.199686349252054
"cg10345936",0.0683423327529807
"cg10376763",-0.390743126823204
"cg10377274",0.441468486323074
"cg10486998",-0.437477356923258
"cg10523019",0.733665021494702
"cg10865119",-0.517068741464779
"cg10920957",-0.291379725269443
"cg10940099",0.988552112242573
"cg11025793",0.239115683555165
"cg11299964",-0.587391793004036
"cg11314684",-0.0490977272752668
"cg11653266",-0.930457356725902
"cg11932564",1.38334807841613
"cg12351433",0.19181526728627
"cg12373771",1.12319271369384
"cg12413566",0.490743771028992
"cg12616277",-0.461328640388471
"cg12768605",-0.320048234453631
"cg12830694",0.267066934510751
"cg12946225",0.41642682645827
"cg12985418",-1.21070870998688
"cg13038560",0.0558067726276668
"cg13129046",-0.400340676589994
"cg13216057",-0.821263306992345
"cg13269407",-0.326656426154687
"cg13319175",0.290338691683558
"cg13460409",0.398600513798766
"cg13547237",-0.0635539888817465
"cg13828047",-0.578078484930426
"cg13836627",1.41136400600156
"cg13854874",0.159910429097372
"cg13899108",0.192928680281198
"cg13931228",-0.130219660821083
"cg14060828",-0.564347250166773
"cg14163776",-0.0850776340981897
"cg14175438",-0.202959503379939
"cg14258236",0.219624617785207
"cg14308452",0.461117968343657
"cg14408969",-0.729564252718262
"cg14409958",-0.00055149491092714
"cg14423778",-0.0256875737465772
"cg14424579",3.81902894033081
"cg14501253",0.376838415018946
"cg14597908",-0.134136822774548
"cg14654875",-0.218251576355202
"cg14658362",-0.149667759537715
"cg14723032",-0.0754249606678493
"cg14727952",0.0802440864600089
"cg14894144",0.174811096879067
"cg14992253",0.522329808425224
"cg15185286",-0.0758578265208715
"cg15262928",-2.04247571525934
"cg15341340",-1.02074021333039
"cg15381769",-0.81074794470328
"cg15547534",0.609050917488939
"cg15661409",-0.250210858795324
"cg15703512",-1.13353080933248
"cg15804973",-0.36162833363846
"cg15974053",0.116291618727234
"cg15988232",0.145341788053943
"cg16034652",0.254364790895607
"cg16150435",0.237660695695136
"cg16168311",-0.250225064307627
"cg16241714",2.86999941133453
"cg16358826",-0.246138223633623
"cg16408394",-0.642960422061883
"cg16419345",0.111670987043544
"cg16547529",0.0950892628079619
"cg16744741",-0.0462346741864474
"cg16899442",-0.83048094783653
"cg16984944",-0.377922537573304
"cg17063929",-0.325144679545274
"cg17274064",-0.14289095388166
"cg17285325",0.0166333289873892
"cg17324128",0.0893163876866614
"cg17589341",-0.0791399320618346
"cg17655614",0.593823910980426
"cg17686885",-0.374164454915367
"cg17729667",0.870302085654469
"cg17853587",0.208164675733101
"cg17960516",0.243133540776949
"cg18031008",0.274260228626691
"cg18055007",0.349997095234589
"cg18139769",-0.15253692503703
"cg18180783",0.0490589138820889
"cg18328933",-0.644293187491893
"cg18440048",0.474381259191957
"cg18573383",1.12131567835963
"cg18956095",-0.538268811904345
"cg18983672",0.0873532332158936
"cg19008809",0.304408270940619
"cg19044674",-0.608991131204228
"cg19305227",-0.0289189246322098
"cg19346193",0.0231435950934378
"cg19420968",0.209503945964584
"cg19478743",0.70482291824506
"cg19514928",0.139865162867526
"cg19692710",0.160172464567456
"cg19706682",-0.307208726036707
"cg19722847",-0.57610913014404
"cg19724470",-0.115796108446883
"cg19761273",-0.943612808626405
"cg19853760",-0.343020594723162
"cg20100381",-0.104183509376533
"cg20240860",-0.528588527318754
"cg20295671",-0.84481038032891
"cg20305610",-0.0070006360376903
"cg20524216",-1.08081271254861
"cg20692569",0.757953914731279
"cg20761322",0.440566371660215
"cg20795863",0.25815230081585
"cg20828084",0.266647585678389
"cg20914508",-0.297048086657882
"cg20947775",-0.917269011398901
"cg20999813",0.202831647848701
"cg21096399",0.435532826611394
"cg21211748",-0.406256389510593
"cg21305265",-0.207453461445362
"cg21370143",-0.253584057063149
"cg21378206",0.108862702769716
"cg21395782",-2.03389186088791
"cg21460081",-0.186748973069046
"cg21801378",1.13590398693367
"cg21870884",0.232911381385928
"cg21950518",-0.291083816897299
"cg22006386",0.21094689946872
"cg22171829",0.0540894356907311
"cg22190114",0.0754382885706503
"cg22197830",-0.439648037406896
"cg22289837",-0.267993269919805
"cg22432269",-0.574915049022071
"cg22449114",0.0349918030680824
"cg22568540",0.0637538660607132
"cg22613010",-0.568205079901302
"cg22637507",-0.391398382712594
"cg22736354",1.9697311480103
"cg22809047",0.572694131058625
"cg22901840",0.0517328464860635
"cg22920873",0.477791915501687
"cg22947000",-0.455750010670383
"cg23092072",0.250672401188534
"cg23124451",-0.506584038196406
"cg23180365",-2.23059300460316
"cg23517605",0.161461304192277
"cg23662675",0.652941177495088
"cg23786576",-0.959269761446403
"cg23941599",0.62568445439259
"cg24058132",-0.108693751435264
"cg24081819",-0.366948518024956
"cg24116886",0.140107368235369
"cg24126851",0.106517725570291
"cg24450312",-0.89236330473856
"cg24580001",-0.0216760316563686
"cg24834740",-0.694224267903513
"cg24888049",-0.186266533345224
"cg24899750",-0.385629270315045
"cg25070637",0.218117814306489
"cg25101936",-0.417825044647988
"cg25148589",0.910355839880954
"cg25159610",0.266398300640664
"cg25166896",-0.165063326089025
"cg25411725",-0.381810635738859
"cg25505610",0.972817673129462
"cg25552492",-0.601951399537
"cg25564800",-0.121539168505012
"cg25657834",-0.147431045198797
"cg25683012",0.386622508952896
"cg25771195",0.272625235513588
"cg25781123",0.387848076552993
"cg25809905",-0.0606059918068348
"cg25928579",0.230252409876758
"cg26003813",0.305682052763398
"cg26005082",0.990272069516792
"cg26043391",-0.415284407544033
"cg26045434",0.152673813139397
"cg26162695",-1.00640607411255
"cg26297688",0.771452158692966
"cg26372517",0.169131386311022
"cg26394940",-0.0673859471874537
"cg26453588",0.208045422943515
"cg26620959",-0.221293473092661
"cg26824091",0.827422716576792
"cg26842024",0.598254871603446
"cg27015931",-0.73966400543477
"cg27092035",-0.0819171513878759
"cg27169020",0.18702429751536
"cg27202708",-0.0828902951641662
"cg27413543",0.639054753517018
"cg27494383",0.0114023457985801
"cg27544190",-1.29372774370673
